# Devicons mapping file
#
# DEV-code NF-code filename name [alias [...]]
#
E600 E700 aarch64/aarch64-plain.svg aarch64
E601 E701 adonisjs/adonisjs-original.svg adonisjs
E602 E702 git/git-plain.svg git
E603 E703 bitbucket/bitbucket-original.svg bitbucket
E604 E704 mysql/mysql-original.svg mysql
E605 E705 aftereffects/aftereffects-plain.svg aftereffects
E606 E706 vorillaz/database.svg database
E607 E707 vorillaz/dropbox.svg dropbox
E608 E708 akka/akka-plain.svg akka
E609 E709 github/github-original.svg github github_badge
E60A E70A algolia/algolia-original.svg algolia
E60B E70B wordpress/wordpress-plain.svg wordpress
E60C E70C visualstudio/visualstudio-plain.svg visualstudio
E60D E70D jekyll/jekyll-plain.svg jekyll jekyll_small
E60E E70E android/android-plain.svg android
E60F E70F windows8/windows8-original.svg windows
E610 E710 stackoverflow/stackoverflow-plain.svg stackoverflow
E611 E711 apple/apple-original.svg apple
E612 E712 linux/linux-plain.svg linux
E613 E713 alpinejs/alpinejs-original.svg alpinejs
E614 E714 ghost/ghost-original.svg ghost_small
E615 E715 anaconda/anaconda-original.svg anaconda
E616 E716 codepen/codepen-original.svg codepen
E617 E717 github/github-original-wordmark.svg github_full
E618 E718 nodejs/nodejs-plain.svg nodejs_small
E619 E719 nodejs/nodejs-plain-wordmark.svg nodejs
E61A E71A androidstudio/androidstudio-plain.svg androidstudio
E61B E71B ember/ember-plain.svg ember
E61C E71C angularjs/angularjs-plain.svg angularjs
E61D E71D django/django-plain.svg django
E61E E71E npm/npm-original-wordmark.svg npm
E61F E71F ghost/ghost-original-wordmark.svg ghost
E620 E720 angularmaterial/angularmaterial-plain.svg angularmaterial
E621 E721 unity/unity-plain.svg unity unity_small
E622 E722 raspberrypi/raspberrypi-plain.svg raspberry_pi
E623 E723 ansible/ansible-plain.svg ansible
E624 E724 go/go-line.svg go
E625 E725 vorillaz/git_branch.svg git_branch
E626 E726 vorillaz/git_pull_request.svg git_pull_request
E627 E727 vorillaz/git_merge.svg git_merge
E628 E728 vorillaz/git_compare.svg git_compare
E629 E729 vorillaz/git_commit.svg git_commit
E62A E72A antdesign/antdesign-plain.svg antdesign
E62B E72B apache/apache-plain.svg apache
E62C E72C apacheairflow/apacheairflow-plain.svg apacheairflow
E62D E72D vorillaz/smashing_magazine.svg smashing_magazine
E62E E72E apachekafka/apachekafka-original.svg apachekafka
E62F E72F apachespark/apachespark-original.svg apachespark
E630 E730 apl/apl-plain.svg apl
E631 E731 appwrite/appwrite-plain.svg appwrite
E632 E732 archlinux/archlinux-plain.svg archlinux
E633 E733 arduino/arduino-plain.svg arduino
E634 E734 argocd/argocd-plain.svg argocd
E635 E735 astro/astro-plain.svg astro
E636 E736 html5/html5-plain.svg html5
E637 E737 scala/scala-plain.svg scala
E638 E738 java/java-plain.svg java
E639 E739 ruby/ruby-plain.svg ruby
E63A E73A ubuntu/ubuntu-plain.svg ubuntu
E63B E73B rails/rails-plain.svg rails ruby_on_rails
E63C E73C python/python-plain.svg python
E63D E73D php/php-plain.svg php
E63E E73E markdown/markdown-original.svg markdown
E63F E73F laravel/laravel-original.svg laravel
E640 E740 magento/magento-original.svg magento
E641 E741 fixed/awk-plain.svg awk
E642 E742 drupal/drupal-plain.svg drupal
E643 E743 chrome/chrome-plain.svg chrome
E644 E744 ie10/ie10-original.svg ie
E645 E745 firefox/firefox-plain.svg firefox
E646 E746 opera/opera-plain.svg opera
E647 E747 bootstrap/bootstrap-plain.svg bootstrap
E648 E748 safari/safari-plain.svg safari
E649 E749 css3/css3-plain.svg css3
E64A E74A css3/css3-plain-wordmark.svg css3_full
E64B E74B sass/sass-original.svg sass
E64C E74C grunt/grunt-line.svg grunt
E64D E74D bower/bower-line.svg bower
E64E E74E vorillaz/javascript_1.svg javascript_alt
E64F E74F axios/axios-plain.svg axios
E650 E750 jquery/jquery-plain.svg jquery
E651 E751 coffeescript/coffeescript-original.svg coffeescript
E652 E752 backbonejs/backbonejs-plain.svg backbonejs backbone
E653 E753 angular/angular-plain.svg angular
E654 E754 azure/azure-plain.svg azure
E655 E755 swift/swift-plain.svg swift
E656 E756 azuredevops/azuredevops-plain.svg azuredevops
E657 E757 symfony/symfony-original.svg symfony symfony_badge
E658 E758 less/less-plain-wordmark.svg less
E659 E759 stylus/stylus-original.svg stylus
E65A E75A trello/trello-plain.svg trello
E65B E75B azuresqldatabase/azuresqldatabase-plain.svg azuresqldatabase
E65C E75C jira/jira-plain.svg jira
E65D E75D babel/babel-plain.svg babel
E65E E75E ballerina/ballerina-original.svg ballerina
E65F E75F bamboo/bamboo-original.svg bamboo
E660 E760 bash/bash-plain.svg bash
E661 E761 beats/beats-plain.svg beats
E662 E762 behance/behance-plain.svg behance
E663 E763 gulp/gulp-plain.svg gulp
E664 E764 atom/atom-original.svg atom
E665 E765 blazor/blazor-original.svg blazor
E666 E766 blender/blender-original.svg blender
E667 E767 jenkins/jenkins-line.svg jenkins
E668 E768 clojure/clojure-line.svg clojure
E669 E769 perl/perl-plain.svg perl
E66A E76A vorillaz/clojure_alt.svg clojure_alt
E66B E76B browserstack/browserstack-plain.svg browserstack
E66C E76C bulma/bulma-plain.svg bulma
E66D E76D redis/redis-plain.svg redis
E66E E76E postgresql/postgresql-plain.svg postgresql
E66F E76F bun/bun-plain.svg bun
E670 E770 vorillaz/requirejs.svg requirejs
E671 E771 c/c-plain.svg c_lang c
E672 E772 typo3/typo3-original.svg typo3
E673 E773 cairo/cairo-plain.svg cairo
E674 E774 doctrine/doctrine-plain.svg doctrine
E675 E775 groovy/groovy-plain.svg groovy
E676 E776 nginx/nginx-plain.svg nginx
E677 E777 haskell/haskell-plain.svg haskell
E678 E778 zend/zend-original.svg zend
E679 E779 vorillaz/gnu.svg gnu
E67A E77A cakephp/cakephp-plain.svg cakephp
E67B E77B heroku/heroku-plain.svg heroku
E67C E77C canva/canva-original.svg canva
E67D E77D debian/debian-plain.svg debian
E67E E77E travis/travis-plain.svg travis
E67F E77F dot-net/dot-net-plain.svg dotnet
E680 E780 codeigniter/codeigniter-plain.svg codeigniter
E681 E781 javascript/javascript-plain.svg javascript javascript_badge
E682 E782 yii/yii-plain.svg yii
E683 E783 composer/composer-line.svg composer
E684 E784 krakenjs/krakenjs-plain.svg krakenjs krakenjs_badge
E685 E785 capacitor/capacitor-plain.svg capacitor
E686 E786 vorillaz/mozilla.svg mozilla
E687 E787 firebase/firebase-plain.svg firebase
E688 E788 carbon/carbon-original.svg carbon
E689 E789 cassandra/cassandra-plain.svg cassandra
E68A E78A centos/centos-plain.svg centos
E68B E78B ceylon/ceylon-plain.svg ceylon
E68C E78C circleci/circleci-plain.svg circleci
E68D E78D clarity/clarity-plain.svg clarity
E68E E78E clion/clion-plain.svg clion
E68F E78F vorillaz/mootools_badge.svg mootools_badge
E690 E790 clojurescript/clojurescript-plain.svg clojurescript
E691 E791 vorillaz/ruby_rough.svg ruby_rough
E692 E792 cloudflare/cloudflare-plain.svg cloudflare
E693 E793 cloudflareworkers/cloudflareworkers-plain.svg cloudflareworkers
E694 E794 cmake/cmake-plain.svg cmake
E695 E795 vorillaz/terminal.svg terminal
E696 E796 codeac/codeac-original.svg codeac
E697 E797 codecov/codecov-plain.svg codecov
E698 E798 dart/dart-plain.svg dart
E699 E799 confluence/confluence-plain.svg confluence
E69A E79A consul/consul-original.svg consul
E69B E79B contao/contao-original.svg contao
E69C E79C dreamweaver/dreamweaver-plain.svg dreamweaver
E69D E79D corejs/corejs-original.svg corejs
E69E E79E eclipse/eclipse-plain.svg eclipse
E69F E79F cosmosdb/cosmosdb-plain.svg cosmosdb
E6A0 E7A0 couchbase/couchbase-original.svg couchbase
E6A1 E7A1 prolog/prolog-plain.svg prolog
E6A2 E7A2 couchdb/couchdb-plain.svg couchdb
E6A3 E7A3 cplusplus/cplusplus-plain.svg cplusplus
E6A4 E7A4 mongodb/mongodb-plain.svg mongodb
E6A5 E7A5 meteor/meteor-plain.svg meteor
E6A6 E7A6 meteor/meteor-plain-wordmark.svg meteorfull
E6A7 E7A7 fsharp/fsharp-plain.svg fsharp
E6A8 E7A8 rust/rust-original.svg rust
E6A9 E7A9 ionic/ionic-original.svg ionic
E6AA E7AA vorillaz/sublime.svg sublime
E6AB E7AB appcelerator/appcelerator-original.svg appcelerator
E6AC E7AC crystal/crystal-original.svg crystal
E6AD E7AD amazonwebservices/amazonwebservices-plain-wordmark.svg amazonwebservices aws
E6AE E7AE digitalocean/digitalocean-original.svg digitalocean digital_ocean
E6AF E7AF vorillaz/dlang.svg dlang
E6B0 E7B0 docker/docker-plain.svg docker
E6B1 E7B1 erlang/erlang-plain.svg erlang
E6B2 E7B2 csharp/csharp-plain.svg csharp
E6B3 E7B3 grails/grails-plain.svg grails
E6B4 E7B4 illustrator/illustrator-plain.svg illustrator
E6B5 E7B5 intellij/intellij-plain.svg intellij
E6B6 E7B6 materializecss/materializecss-plain.svg materializecss
E6B7 E7B7 cucumber/cucumber-plain.svg cucumber
E6B8 E7B8 photoshop/photoshop-plain.svg photoshop
E6B9 E7B9 cypressio/cypressio-plain.svg cypressio
E6BA E7BA react/react-original.svg react
E6BB E7BB redhat/redhat-plain.svg redhat
E6BC E7BC d3js/d3js-plain.svg d3js
E6BD E7BD datagrip/datagrip-plain.svg datagrip
E6BE E7BE dataspell/dataspell-plain.svg dataspell
E6BF E7BF dbeaver/dbeaver-plain.svg dbeaver
E6C0 E7C0 denojs/denojs-original.svg denojs
E6C1 E7C1 devicon/devicon-plain.svg devicon
E6C2 E7C2 discordjs/discordjs-plain.svg discordjs
E6C3 E7C3 djangorest/djangorest-plain-wordmark.svg djangorest
E6C4 E7C4 sqlite/sqlite-plain.svg sqlite
E6C5 E7C5 vim/vim-plain.svg vim
E6C6 E7C6 dotnetcore/dotnetcore-plain.svg dotnetcore
E6C7 E7C7 dropwizard/dropwizard-plain.svg dropwizard
E6C8 E7C8 dynamodb/dynamodb-plain.svg dynamodb
E6C9 E7C9 ecto/ecto-original.svg ecto
E6CA E7CA elasticsearch/elasticsearch-plain.svg elasticsearch
E6CB E7CB electron/electron-original.svg electron
E6CC E7CC eleventy/eleventy-plain.svg eleventy
E6CD E7CD elixir/elixir-plain.svg elixir
E6CE E7CE elm/elm-plain.svg elm
E6CF E7CF emacs/emacs-original.svg emacs
E6D0 E7D0 embeddedc/embeddedc-plain.svg embeddedc
E6D1 E7D1 envoy/envoy-plain.svg envoy
E6D2 E7D2 eslint/eslint-plain.svg eslint
E6D3 E7D3 express/express-original.svg express
E6D4 E7D4 facebook/facebook-plain.svg facebook
E6D5 E7D5 fastapi/fastapi-plain.svg fastapi
E6D6 E7D6 fastify/fastify-plain.svg fastify
E6D7 E7D7 faunadb/faunadb-original.svg faunadb
E6D8 E7D8 feathersjs/feathersjs-original.svg feathersjs
E6D9 E7D9 fedora/fedora-plain.svg fedora
E6DA E7DA figma/figma-plain.svg figma
E6DB E7DB filezilla/filezilla-plain.svg filezilla
E6DC E7DC flask/flask-original.svg flask
E6DD E7DD flutter/flutter-plain.svg flutter
E6DE E7DE fortran/fortran-original.svg fortran
E6DF E7DF foundation/foundation-plain.svg foundation
E6E0 E7E0 framermotion/framermotion-original.svg framermotion
E6E1 E7E1 framework7/framework7-original.svg framework7
E6E2 E7E2 gatling/gatling-original.svg gatling
E6E3 E7E3 gatsby/gatsby-original.svg gatsby
E6E4 E7E4 gazebo/gazebo-plain.svg gazebo
E6E5 E7E5 gcc/gcc-plain.svg gcc
E6E6 E7E6 gentoo/gentoo-plain.svg gentoo
E6E7 E7E7 gimp/gimp-plain.svg gimp
E6E8 E7E8 gitbook/gitbook-original.svg gitbook
E6E9 E7E9 githubactions/githubactions-plain.svg githubactions
E6EA E7EA githubcodespaces/githubcodespaces-plain.svg githubcodespaces
E6EB E7EB gitlab/gitlab-plain.svg gitlab
E6EC E7EC gitpod/gitpod-plain.svg gitpod
E6ED E7ED gitter/gitter-plain.svg gitter
E6EE E7EE godot/godot-plain.svg godot
E6EF E7EF goland/goland-plain.svg goland
E6F0 E7F0 google/google-plain.svg google
E6F1 E7F1 googlecloud/googlecloud-plain.svg googlecloud
E6F2 E7F2 gradle/gradle-original.svg gradle
E6F3 E7F3 grafana/grafana-plain.svg grafana
E6F4 E7F4 graphql/graphql-plain.svg graphql
E6F5 E7F5 grpc/grpc-plain.svg grpc
E6F6 E7F6 hadoop/hadoop-plain.svg hadoop
E6F7 E7F7 handlebars/handlebars-original.svg handlebars
E6F8 E7F8 hardhat/hardhat-plain.svg hardhat
E6F9 E7F9 harvester/harvester-original.svg harvester
E6FA E7FA haxe/haxe-plain.svg haxe
E6FB E7FB helm/helm-original.svg helm
E6FC E7FC hibernate/hibernate-plain.svg hibernate
E6FD E7FD homebrew/homebrew-plain.svg homebrew
E6FE E7FE hugo/hugo-plain.svg hugo
E6FF E7FF ifttt/ifttt-original.svg ifttt
E700 E800 influxdb/influxdb-original.svg influxdb
E701 E801 inkscape/inkscape-plain.svg inkscape
E702 E802 insomnia/insomnia-plain.svg insomnia
E703 E803 jaegertracing/jaegertracing-plain.svg jaegertracing
E704 E804 jamstack/jamstack-original.svg jamstack
E705 E805 jasmine/jasmine-original.svg jasmine
E706 E806 jeet/jeet-plain.svg jeet
E707 E807 jest/jest-plain.svg jest
E708 E808 jetbrains/jetbrains-plain.svg jetbrains
E709 E809 jetpackcompose/jetpackcompose-plain.svg jetpackcompose
E70A E80A jiraalign/jiraalign-plain.svg jiraalign
E70B E80B json/json-plain.svg json
E70C E80C jule/jule-original.svg jule
E70D E80D julia/julia-plain.svg julia
E70E E80E junit/junit-plain.svg junit
E70F E80F jupyter/jupyter-plain.svg jupyter
E710 E810 k3os/k3os-original.svg k3os
E711 E811 k3s/k3s-original.svg k3s
E712 E812 k6/k6-original.svg k6
E713 E813 kaggle/kaggle-original.svg kaggle
E714 E814 karatelabs/karatelabs-plain.svg karatelabs
E715 E815 karma/karma-plain.svg karma
E716 E816 kdeneon/kdeneon-plain.svg kdeneon
E717 E817 keras/keras-plain.svg keras
E718 E818 kibana/kibana-plain.svg kibana
E719 E819 knexjs/knexjs-original.svg knexjs
E71A E81A knockout/knockout-plain-wordmark.svg knockout
E71B E81B kotlin/kotlin-plain.svg kotlin
E71C E81C ktor/ktor-plain.svg ktor
E71D E81D kubernetes/kubernetes-plain.svg kubernetes
E71E E81E labview/labview-plain.svg labview
E71F E81F latex/latex-original.svg latex
E720 E820 linkedin/linkedin-plain.svg linkedin
E721 E821 liquibase/liquibase-original.svg liquibase
E722 E822 livewire/livewire-plain.svg livewire
E723 E823 llvm/llvm-plain.svg llvm
E724 E824 lodash/lodash-plain.svg lodash
E725 E825 logstash/logstash-plain.svg logstash
E726 E826 lua/lua-plain.svg lua
E727 E827 lumen/lumen-original.svg lumen
E728 E828 mariadb/mariadb-original.svg mariadb
E729 E829 materialui/materialui-plain.svg materialui
E72A E82A matlab/matlab-plain.svg matlab
E72B E82B matplotlib/matplotlib-plain.svg matplotlib
E72C E82C maven/maven-plain.svg maven
E72D E82D maya/maya-plain.svg maya
E72E E82E microsoftsqlserver/microsoftsqlserver-plain.svg microsoftsqlserver
E72F E82F minitab/minitab-plain.svg minitab
E730 E830 mithril/mithril-original.svg mithril
E731 E831 mobx/mobx-plain.svg mobx
E732 E832 mocha/mocha-plain.svg mocha
E733 E833 modx/modx-plain.svg modx
E734 E834 moleculer/moleculer-original.svg moleculer
E735 E835 mongoose/mongoose-original.svg mongoose
E736 E836 moodle/moodle-plain.svg moodle
E737 E837 msdos/msdos-plain.svg msdos
E738 E838 nano/nano-plain.svg nano
E739 E839 neo4j/neo4j-plain.svg neo4j
E73A E83A neovim/neovim-plain.svg neovim
E73B E83B nestjs/nestjs-original.svg nestjs
E73C E83C netlify/netlify-plain.svg netlify
E73D E83D networkx/networkx-plain.svg networkx
E73E E83E nextjs/nextjs-plain.svg nextjs
E73F E83F ngrx/ngrx-plain.svg ngrx
E740 E840 nhibernate/nhibernate-plain.svg nhibernate
E741 E841 nim/nim-plain.svg nim
E742 E842 nimble/nimble-plain.svg nimble
E743 E843 nixos/nixos-plain.svg nixos
E744 E844 nodemon/nodemon-plain.svg nodemon
E745 E845 nodewebkit/nodewebkit-plain.svg nodewebkit
E746 E846 nomad/nomad-original.svg nomad
E747 E847 norg/norg-plain.svg norg
E748 E848 notion/notion-plain.svg notion
E749 E849 nuget/nuget-original.svg nuget
E74A E84A numpy/numpy-plain.svg numpy
E74B E84B nuxtjs/nuxtjs-plain.svg nuxtjs
E74C E84C oauth/oauth-plain.svg oauth
E74D E84D objectivec/objectivec-plain.svg objectivec
E74E E84E ocaml/ocaml-plain.svg ocaml
E74F E84F ohmyzsh/ohmyzsh-plain.svg ohmyzsh
E750 E850 okta/okta-plain.svg okta
E751 E851 openal/openal-plain.svg openal
E752 E852 openapi/openapi-plain.svg openapi
E753 E853 opencl/opencl-plain.svg opencl
E754 E854 opencv/opencv-plain.svg opencv
E755 E855 opengl/opengl-plain.svg opengl
E756 E856 openstack/openstack-original.svg openstack
E757 E857 opensuse/opensuse-original.svg opensuse
E758 E858 opentelemetry/opentelemetry-plain.svg opentelemetry
E759 E859 oracle/oracle-original.svg oracle
E75A E85A ory/ory-original.svg ory
E75B E85B p5js/p5js-original.svg p5js
E75C E85C packer/packer-plain.svg packer
E75D E85D pandas/pandas-plain.svg pandas
E75E E85E pfsense/pfsense-original.svg pfsense
E75F E85F phalcon/phalcon-plain.svg phalcon
E760 E860 phoenix/phoenix-original.svg phoenix
E761 E861 photonengine/photonengine-plain.svg photonengine
E762 E862 phpstorm/phpstorm-plain.svg phpstorm
E763 E863 playwright/playwright-plain.svg playwright
E764 E864 plotly/plotly-plain.svg plotly
E765 E865 pnpm/pnpm-plain.svg pnpm
E766 E866 podman/podman-plain.svg podman
E767 E867 poetry/poetry-plain.svg poetry
E768 E868 polygon/polygon-plain.svg polygon
E769 E869 portainer/portainer-original.svg portainer
E76A E86A postcss/postcss-original.svg postcss
E76B E86B postman/postman-plain.svg postman
E76C E86C powershell/powershell-plain.svg powershell
E76D E86D premierepro/premierepro-plain.svg premierepro
E76E E86E prisma/prisma-original.svg prisma
E76F E86F processing/processing-plain.svg processing
E770 E870 prometheus/prometheus-original.svg prometheus
E771 E871 protractor/protractor-plain.svg protractor
E772 E872 pulsar/pulsar-original.svg pulsar
E773 E873 pulumi/pulumi-plain.svg pulumi
E774 E874 puppeteer/puppeteer-plain.svg puppeteer
E775 E875 purescript/purescript-original.svg purescript
E776 E876 putty/putty-plain.svg putty
E777 E877 pycharm/pycharm-plain.svg pycharm
E778 E878 pypi/pypi-plain.svg pypi
E779 E879 pyscript/pyscript-plain-wordmark.svg pyscript
E77A E87A pytest/pytest-plain.svg pytest
E77B E87B pytorch/pytorch-original.svg pytorch
E77C E87C qodana/qodana-plain.svg qodana
E77D E87D qt/qt-original.svg qt
E77E E87E quarkus/quarkus-plain.svg quarkus
E77F E87F quasar/quasar-plain.svg quasar
E780 E880 qwik/qwik-plain.svg qwik
E781 E881 r/r-plain.svg r
E782 E882 rabbitmq/rabbitmq-original.svg rabbitmq
E783 E883 railway/railway-original.svg railway
E784 E884 rancher/rancher-original.svg rancher
E785 E885 reach/reach-plain.svg reach
E786 E886 reactbootstrap/reactbootstrap-original.svg reactbootstrap
E787 E887 reactnavigation/reactnavigation-original.svg reactnavigation
E788 E888 reactrouter/reactrouter-plain.svg reactrouter
E789 E889 readthedocs/readthedocs-original.svg readthedocs
E78A E88A realm/realm-plain.svg realm
E78B E88B rect/rect-plain.svg rect
E78C E88C redux/redux-original.svg redux
E78D E88D renpy/renpy-plain.svg renpy
E78E E88E replit/replit-original.svg replit
E78F E88F rider/rider-plain.svg rider
E790 E890 rocksdb/rocksdb-plain.svg rocksdb
E791 E891 rockylinux/rockylinux-original.svg rockylinux
E792 E892 rollup/rollup-plain.svg rollup
E793 E893 ros/ros-original.svg ros
E794 E894 rspec/rspec-plain.svg rspec
E795 E895 rstudio/rstudio-plain.svg rstudio
E796 E896 rubymine/rubymine-plain.svg rubymine
E797 E897 rxjs/rxjs-plain.svg rxjs
E798 E898 salesforce/salesforce-plain.svg salesforce
E799 E899 sanity/sanity-plain.svg sanity
E79A E89A scalingo/scalingo-plain.svg scalingo
E79B E89B scikitlearn/scikitlearn-plain.svg scikitlearn
E79C E89C sdl/sdl-plain.svg sdl
E79D E89D selenium/selenium-original.svg selenium
E79E E89E sema/sema-original.svg sema
E79F E89F sentry/sentry-original.svg sentry
E7A0 E8A0 sequelize/sequelize-plain.svg sequelize
E7A1 E8A1 shopware/shopware-original.svg shopware
E7A2 E8A2 shotgrid/shotgrid-plain.svg shotgrid
E7A3 E8A3 sketch/sketch-plain.svg sketch
E7A4 E8A4 slack/slack-plain.svg slack
E7A5 E8A5 socketio/socketio-original.svg socketio
E7A6 E8A6 solidity/solidity-plain.svg solidity
E7A7 E8A7 solidjs/solidjs-plain.svg solidjs
E7A8 E8A8 sonarqube/sonarqube-original.svg sonarqube
E7A9 E8A9 sourcetree/sourcetree-original.svg sourcetree
E7AA E8AA spack/spack-plain.svg spack
E7AB E8AB splunk/splunk-original-wordmark.svg splunk
E7AC E8AC spring/spring-original.svg spring
E7AD E8AD spss/spss-plain.svg spss
E7AE E8AE spyder/spyder-plain.svg spyder
E7AF E8AF sqlalchemy/sqlalchemy-plain.svg sqlalchemy
E7B0 E8B0 sqldeveloper/sqldeveloper-plain.svg sqldeveloper
E7B1 E8B1 ssh/ssh-original.svg ssh
E7B2 E8B2 stata/stata-original-wordmark.svg stata
E7B3 E8B3 storybook/storybook-plain.svg storybook
E7B4 E8B4 streamlit/streamlit-plain.svg streamlit
E7B5 E8B5 subversion/subversion-original.svg subversion
E7B6 E8B6 supabase/supabase-plain.svg supabase
E7B7 E8B7 svelte/svelte-plain.svg svelte
E7B8 E8B8 swagger/swagger-plain.svg swagger
E7B9 E8B9 swiper/swiper-original.svg swiper
E7BA E8BA tailwindcss/tailwindcss-original.svg tailwindcss
E7BB E8BB tauri/tauri-plain.svg tauri
E7BC E8BC tensorflow/tensorflow-original.svg tensorflow
E7BD E8BD terraform/terraform-plain.svg terraform
E7BE E8BE tex/tex-original.svg tex
E7BF E8BF thealgorithms/thealgorithms-plain.svg thealgorithms
E7C0 E8C0 threedsmax/threedsmax-plain.svg threedsmax
E7C1 E8C1 threejs/threejs-original.svg threejs
E7C2 E8C2 titaniumsdk/titaniumsdk-original.svg titaniumsdk
E7C3 E8C3 tomcat/tomcat-original.svg tomcat
E7C4 E8C4 tortoisegit/tortoisegit-plain.svg tortoisegit
E7C5 E8C5 towergit/towergit-plain.svg towergit
E7C6 E8C6 traefikmesh/traefikmesh-original.svg traefikmesh
E7C7 E8C7 traefikproxy/traefikproxy-original.svg traefikproxy
E7C8 E8C8 trpc/trpc-plain.svg trpc
E7C9 E8C9 twitter/twitter-original.svg twitter
E7CA E8CA typescript/typescript-plain.svg typescript
E7CB E8CB unifiedmodelinglanguage/unifiedmodelinglanguage-plain.svg unifiedmodelinglanguage uml
E7CC E8CC unix/unix-original.svg unix
E7CD E8CD unrealengine/unrealengine-original.svg unrealengine
E7CE E8CE uwsgi/uwsgi-plain.svg uwsgi
E7CF E8CF v8/v8-plain.svg v8
E7D0 E8D0 vagrant/vagrant-plain.svg vagrant
E7D1 E8D1 vala/vala-plain.svg vala
E7D2 E8D2 vault/vault-original.svg vault
E7D3 E8D3 vercel/vercel-original.svg vercel
E7D4 E8D4 vertx/vertx-plain.svg vertx
E7D5 E8D5 visualbasic/visualbasic-plain.svg visualbasic
E7D6 E8D6 vite/vite-original.svg vite
E7D7 E8D7 vitejs/vitejs-plain.svg vitejs
E7D8 E8D8 vitess/vitess-plain.svg vitess
E7D9 E8D9 vitest/vitest-plain.svg vitest
E7DA E8DA vscode/vscode-plain.svg vscode
E7DB E8DB vsphere/vsphere-plain.svg vsphere
E7DC E8DC vuejs/vuejs-plain.svg vuejs
E7DD E8DD vuestorefront/vuestorefront-plain.svg vuestorefront
E7DE E8DE vuetify/vuetify-plain.svg vuetify
E7DF E8DF vyper/vyper-plain.svg vyper
E7E0 E8E0 wasm/wasm-original.svg wasm
E7E1 E8E1 webflow/webflow-original.svg webflow
E7E2 E8E2 weblate/weblate-plain.svg weblate
E7E3 E8E3 webpack/webpack-plain.svg webpack
E7E4 E8E4 webstorm/webstorm-plain.svg webstorm
E7E5 E8E5 windows11/windows11-original.svg windows11
E7E6 E8E6 woocommerce/woocommerce-plain.svg woocommerce
E7E7 E8E7 xamarin/xamarin-original.svg xamarin
E7E8 E8E8 xcode/xcode-plain.svg xcode
E7E9 E8E9 xd/xd-plain.svg xd
E7EA E8EA xml/xml-plain.svg xml
E7EB E8EB yaml/yaml-plain.svg yaml
E7EC E8EC yarn/yarn-original.svg yarn
E7ED E8ED yugabytedb/yugabytedb-plain.svg yugabytedb
E7EE E8EE yunohost/yunohost-plain.svg yunohost
E7EF E8EF zig/zig-original.svg zig
